Venue Category,Neighborhood,0
Airport,Dorval,2
Airport Lounge,Dorval,4
Airport Service,Dorval,4
Airport Terminal,Pointe-Claire,1
American Restaurant,Anjou,1
American Restaurant,Dorval,1
American Restaurant,Outremont,1
American Restaurant,Saint-Leonard,1
American Restaurant,Sainte-Anne-de-Bellevue,1
Art Gallery,Cote-des-Neiges-Notre-Dame-de-Grace,1
Art Gallery,Ville-Marie,1
Art Museum,Mont-Royal,1
Art Museum,Ville-Marie,1
Art Museum,Westmount,1
Arts & Crafts Store,Ahuntsic-Cartierville,1
Arts & Crafts Store,LaSalle,1
Arts & Crafts Store,Mercier-Hochelaga-Maisonneuve,1
Arts & Crafts Store,Saint-Laurent,1
Arts & Crafts Store,Saint-Leonard,1
Arts & Crafts Store,Villeray-Saint-Michel-Parc-Extension,1
Asian Restaurant,Anjou,1
Asian Restaurant,Cote-des-Neiges-Notre-Dame-de-Grace,1
Asian Restaurant,Dorval,1
Asian Restaurant,LaSalle,1
Asian Restaurant,Lachine,1
Asian Restaurant,Rosemont-La Petite-Patrie,1
Asian Restaurant,Saint-Leonard,2
Asian Restaurant,Southwest,2
Asian Restaurant,Verdun,2
Asian Restaurant,Villeray-Saint-Michel-Parc-Extension,2
Asian Restaurant,Westmount,2
Athletics & Sports,Ahuntsic-Cartierville,1
Athletics & Sports,L'ile-Bizard-Sainte-Genevieve,1
Athletics & Sports,Mercier-Hochelaga-Maisonneuve,1
Athletics & Sports,Villeray-Saint-Michel-Parc-Extension,1
Australian Restaurant,Outremont,1
Auto Dealership,Montreal-Est,1
Auto Dealership,Riviere-des-Prairies-Pointe-aux-Trembles,1
Automotive Shop,Cote Saint-Luc,2
Automotive Shop,LaSalle,2
Automotive Shop,Lachine,2
BBQ Joint,Ahuntsic-Cartierville,1
BBQ Joint,Anjou,2
BBQ Joint,Cote-des-Neiges-Notre-Dame-de-Grace,1
BBQ Joint,Dorval,2
BBQ Joint,LaSalle,1
BBQ Joint,Montreal-Nord,1
BBQ Joint,Outremont,1
BBQ Joint,Pierrefonds-Roxboro,1
BBQ Joint,Rosemont-La Petite-Patrie,1
BBQ Joint,Saint-Leonard,1
BBQ Joint,Southwest,2
BBQ Joint,Verdun,1
BBQ Joint,Villeray-Saint-Michel-Parc-Extension,1
BBQ Joint,Westmount,1
Bagel Shop,Mont-Royal,1
Bagel Shop,Outremont,2
Bagel Shop,Pointe-Claire,1
Bagel Shop,Southwest,1
Bagel Shop,Verdun,1
Bakery,Ahuntsic-Cartierville,3
Bakery,Anjou,3
Bakery,Beaconsfield,2
Bakery,Cote Saint-Luc,1
Bakery,Cote-des-Neiges-Notre-Dame-de-Grace,4
Bakery,Dorval,1
Bakery,Kirkland,2
Bakery,LaSalle,1
Bakery,Mont-Royal,6
Bakery,Outremont,7
Bakery,Riviere-des-Prairies-Pointe-aux-Trembles,1
Bakery,Rosemont-La Petite-Patrie,9
Bakery,Saint-Leonard,3
Bakery,Southwest,4
Bakery,Verdun,4
Bakery,Ville-Marie,2
Bakery,Villeray-Saint-Michel-Parc-Extension,7
Bakery,Westmount,5
Bank,Ahuntsic-Cartierville,2
Bank,Anjou,1
Bank,Beaconsfield,2
Bank,Kirkland,4
Bank,LaSalle,2
Bank,Lachine,2
Bank,Mercier-Hochelaga-Maisonneuve,1
Bank,Montreal-Nord,2
Bank,Pierrefonds-Roxboro,4
Bank,Pointe-Claire,3
Bank,Saint-Leonard,1
Bank,Sainte-Anne-de-Bellevue,1
Bar,Cote-des-Neiges-Notre-Dame-de-Grace,2
Bar,Dorval,1
Bar,LaSalle,1
Bar,Mercier-Hochelaga-Maisonneuve,1
Bar,Outremont,1
Bar,Pointe-Claire,1
Bar,Rosemont-La Petite-Patrie,4
Bar,Sainte-Anne-de-Bellevue,2
Bar,Southwest,2
Bar,Verdun,3
Bar,Ville-Marie,1
Bar,Villeray-Saint-Michel-Parc-Extension,3
Bar,Westmount,3
Baseball Field,Kirkland,1
Beer Bar,Ahuntsic-Cartierville,1
Beer Bar,Mont-Royal,2
Beer Bar,Outremont,2
Beer Bar,Rosemont-La Petite-Patrie,1
Beer Bar,Southwest,1
Beer Bar,Verdun,1
Beer Bar,Ville-Marie,1
Beer Bar,Villeray-Saint-Michel-Parc-Extension,2
Beer Garden,Outremont,1
Beer Garden,Villeray-Saint-Michel-Parc-Extension,1
Beer Store,Ahuntsic-Cartierville,1
Beer Store,Mercier-Hochelaga-Maisonneuve,1
Beer Store,Rosemont-La Petite-Patrie,3
Beer Store,Southwest,1
Beer Store,Verdun,1
Beer Store,Villeray-Saint-Michel-Parc-Extension,1
Big Box Store,Anjou,1
Big Box Store,Beaconsfield,1
Big Box Store,Dorval,1
Big Box Store,Montreal-Est,1
Big Box Store,Montreal-Nord,1
Big Box Store,Riviere-des-Prairies-Pointe-aux-Trembles,1
Big Box Store,Saint-Leonard,1
Bistro,Beaconsfield,2
Bistro,Cote-des-Neiges-Notre-Dame-de-Grace,1
Bistro,Dorval,1
Bistro,Kirkland,1
Bistro,Mercier-Hochelaga-Maisonneuve,2
Boat or Ferry,Mercier-Hochelaga-Maisonneuve,1
Bookstore,Ahuntsic-Cartierville,1
Bookstore,Dorval,1
Bookstore,Kirkland,1
Bookstore,LaSalle,2
Bookstore,Mont-Royal,1
Bookstore,Outremont,1
Bookstore,Pointe-Claire,2
Bookstore,Ville-Marie,1
Bookstore,Westmount,1
Boutique,Ahuntsic-Cartierville,1
Boutique,Mont-Royal,1
Boutique,Outremont,1
Boutique,Pierrefonds-Roxboro,1
Bowling Alley,Cote Saint-Luc,2
Boxing Gym,Mercier-Hochelaga-Maisonneuve,1
Brazilian Restaurant,Pierrefonds-Roxboro,1
Breakfast Spot,Ahuntsic-Cartierville,4
Breakfast Spot,Anjou,4
Breakfast Spot,Beaconsfield,1
Breakfast Spot,Cote-des-Neiges-Notre-Dame-de-Grace,1
Breakfast Spot,Kirkland,2
Breakfast Spot,L'ile-Bizard-Sainte-Genevieve,1
Breakfast Spot,LaSalle,5
Breakfast Spot,Montreal-Est,2
Breakfast Spot,Montreal-Nord,2
Breakfast Spot,Outremont,3
Breakfast Spot,Pierrefonds-Roxboro,1
Breakfast Spot,Pointe-Claire,4
Breakfast Spot,Riviere-des-Prairies-Pointe-aux-Trembles,1
Breakfast Spot,Rosemont-La Petite-Patrie,3
Breakfast Spot,Saint-Leonard,5
Breakfast Spot,Sainte-Anne-de-Bellevue,1
Breakfast Spot,Southwest,5
Breakfast Spot,Verdun,4
Breakfast Spot,Ville-Marie,1
Breakfast Spot,Villeray-Saint-Michel-Parc-Extension,4
Breakfast Spot,Westmount,1
Brewery,Anjou,1
Brewery,Lachine,1
Brewery,Mont-Royal,1
Brewery,Rosemont-La Petite-Patrie,3
Brewery,Southwest,3
Brewery,Verdun,3
Brewery,Ville-Marie,1
Brewery,Villeray-Saint-Michel-Parc-Extension,2
Brewery,Westmount,2
Building,Southwest,1
Building,Verdun,1
Building,Westmount,1
Burger Joint,Ahuntsic-Cartierville,1
Burger Joint,Anjou,2
Burger Joint,Cote Saint-Luc,1
Burger Joint,Cote-des-Neiges-Notre-Dame-de-Grace,1
Burger Joint,Dorval,2
Burger Joint,LaSalle,3
Burger Joint,Lachine,1
Burger Joint,Mont-Royal,3
Burger Joint,Outremont,1
Burger Joint,Pointe-Claire,3
Burger Joint,Rosemont-La Petite-Patrie,1
Burger Joint,Saint-Leonard,2
Burger Joint,Sainte-Anne-de-Bellevue,1
Burger Joint,Southwest,1
Burger Joint,Villeray-Saint-Michel-Parc-Extension,1
Burger Joint,Westmount,1
Burrito Place,Southwest,1
Burrito Place,Verdun,1
Burrito Place,Westmount,1
Business Service,Ahuntsic-Cartierville,1
Café,Ahuntsic-Cartierville,5
Café,Cote Saint-Luc,1
Café,Cote-des-Neiges-Notre-Dame-de-Grace,5
Café,Dorval,2
Café,Kirkland,1
Café,LaSalle,2
Café,Lachine,2
Café,Mercier-Hochelaga-Maisonneuve,2
Café,Mont-Royal,13
Café,Outremont,16
Café,Pointe-Claire,1
Café,Rosemont-La Petite-Patrie,6
Café,Sainte-Anne-de-Bellevue,1
Café,Southwest,8
Café,Verdun,4
Café,Ville-Marie,12
Café,Villeray-Saint-Michel-Parc-Extension,13
Café,Westmount,10
Cajun / Creole Restaurant,Saint-Leonard,1
Canal,Southwest,1
Canal,Verdun,1
Canal,Westmount,1
Candy Store,Ville-Marie,1
Caribbean Restaurant,Cote-des-Neiges-Notre-Dame-de-Grace,2
Caribbean Restaurant,Verdun,2
Caribbean Restaurant,Ville-Marie,1
Cheese Shop,Ahuntsic-Cartierville,1
Cheese Shop,Montreal-Est,1
Cheese Shop,Southwest,2
Cheese Shop,Verdun,3
Cheese Shop,Villeray-Saint-Michel-Parc-Extension,1
Cheese Shop,Westmount,1
Chinese Restaurant,Cote-des-Neiges-Notre-Dame-de-Grace,1
Chinese Restaurant,Dorval,2
Chinese Restaurant,Mercier-Hochelaga-Maisonneuve,1
Chinese Restaurant,Pierrefonds-Roxboro,1
Chinese Restaurant,Pointe-Claire,2
Chinese Restaurant,Saint-Leonard,1
Chinese Restaurant,Villeray-Saint-Michel-Parc-Extension,1
Chocolate Shop,Pointe-Claire,1
Chocolate Shop,Verdun,1
Church,Mont-Royal,1
Church,Ville-Marie,2
Church,Westmount,1
Circus,Ville-Marie,1
Climbing Gym,Ahuntsic-Cartierville,1
Clothing Store,Ahuntsic-Cartierville,1
Clothing Store,Anjou,1
Clothing Store,Cote Saint-Luc,2
Clothing Store,Cote-des-Neiges-Notre-Dame-de-Grace,1
Clothing Store,Kirkland,1
Clothing Store,LaSalle,1
Clothing Store,Mercier-Hochelaga-Maisonneuve,1
Clothing Store,Pointe-Claire,1
Clothing Store,Saint-Leonard,2
Clothing Store,Southwest,1
Clothing Store,Westmount,2
Cocktail Bar,Verdun,1
Cocktail Bar,Ville-Marie,2
Cocktail Bar,Villeray-Saint-Michel-Parc-Extension,1
Coffee Shop,Ahuntsic-Cartierville,3
Coffee Shop,Anjou,9
Coffee Shop,Beaconsfield,3
Coffee Shop,Cote Saint-Luc,4
Coffee Shop,Cote-des-Neiges-Notre-Dame-de-Grace,5
Coffee Shop,Dorval,11
Coffee Shop,Kirkland,6
Coffee Shop,L'ile-Bizard-Sainte-Genevieve,2
Coffee Shop,LaSalle,6
Coffee Shop,Mont-Royal,3
Coffee Shop,Montreal-Est,3
Coffee Shop,Montreal-Nord,4
Coffee Shop,Outremont,1
Coffee Shop,Pierrefonds-Roxboro,2
Coffee Shop,Pointe-Claire,5
Coffee Shop,Riviere-des-Prairies-Pointe-aux-Trembles,1
Coffee Shop,Rosemont-La Petite-Patrie,2
Coffee Shop,Saint-Laurent,2
Coffee Shop,Saint-Leonard,7
Coffee Shop,Sainte-Anne-de-Bellevue,3
Coffee Shop,Southwest,1
Coffee Shop,Verdun,1
Coffee Shop,Ville-Marie,4
Coffee Shop,Villeray-Saint-Michel-Parc-Extension,2
College Gym,Cote-des-Neiges-Notre-Dame-de-Grace,1
College Gym,Outremont,1
Comedy Club,Southwest,1
Comedy Club,Verdun,1
Concert Hall,Mont-Royal,1
Concert Hall,Ville-Marie,2
Convenience Store,Baie-d'Urfe,1
Convenience Store,Kirkland,1
Convenience Store,L'ile-Bizard-Sainte-Genevieve,2
Convenience Store,Mercier-Hochelaga-Maisonneuve,1
Convenience Store,Pointe-Claire,1
Convenience Store,Riviere-des-Prairies-Pointe-aux-Trembles,2
Convenience Store,Rosemont-La Petite-Patrie,1
Convenience Store,Villeray-Saint-Michel-Parc-Extension,1
Cosmetics Shop,Ahuntsic-Cartierville,1
Cosmetics Shop,Mont-Royal,1
Cosmetics Shop,Ville-Marie,2
Creperie,Ville-Marie,1
Cupcake Shop,Mercier-Hochelaga-Maisonneuve,1
Curling Ice,LaSalle,1
Dance Studio,Mont-Royal,1
Dance Studio,Ville-Marie,1
Deli / Bodega,Anjou,1
Deli / Bodega,Beaconsfield,1
Deli / Bodega,Cote-des-Neiges-Notre-Dame-de-Grace,1
Deli / Bodega,Dorval,1
Deli / Bodega,Kirkland,3
Deli / Bodega,Mont-Royal,3
Deli / Bodega,Outremont,1
Deli / Bodega,Pointe-Claire,3
Deli / Bodega,Saint-Leonard,1
Deli / Bodega,Southwest,1
Deli / Bodega,Verdun,1
Department Store,Ahuntsic-Cartierville,2
Department Store,Anjou,1
Department Store,Beaconsfield,1
Department Store,Dorval,1
Department Store,Kirkland,2
Department Store,LaSalle,1
Department Store,Mercier-Hochelaga-Maisonneuve,1
Department Store,Montreal-Nord,1
Department Store,Pointe-Claire,1
Department Store,Saint-Leonard,1
Dessert Shop,Ahuntsic-Cartierville,2
Dessert Shop,Anjou,1
Dessert Shop,Cote-des-Neiges-Notre-Dame-de-Grace,1
Dessert Shop,Lachine,1
Dessert Shop,Rosemont-La Petite-Patrie,2
Dessert Shop,Saint-Leonard,3
Dessert Shop,Southwest,1
Dessert Shop,Ville-Marie,2
Dessert Shop,Westmount,1
Diner,L'ile-Bizard-Sainte-Genevieve,1
Diner,LaSalle,1
Diner,Outremont,1
Diner,Pointe-Claire,1
Diner,Rosemont-La Petite-Patrie,2
Diner,Villeray-Saint-Michel-Parc-Extension,1
Discount Store,Ahuntsic-Cartierville,1
Discount Store,Cote-des-Neiges-Notre-Dame-de-Grace,1
Discount Store,LaSalle,2
Discount Store,Mercier-Hochelaga-Maisonneuve,1
Discount Store,Pierrefonds-Roxboro,1
Dog Run,Rosemont-La Petite-Patrie,1
Donut Shop,Cote-des-Neiges-Notre-Dame-de-Grace,1
Donut Shop,Outremont,1
Donut Shop,Rosemont-La Petite-Patrie,1
Donut Shop,Southwest,1
Donut Shop,Verdun,1
Donut Shop,Villeray-Saint-Michel-Parc-Extension,1
Donut Shop,Westmount,1
Drugstore,Anjou,1
Drugstore,Beaconsfield,1
Drugstore,Kirkland,1
Drugstore,Saint-Leonard,1
Dumpling Restaurant,Westmount,1
Duty-free Shop,Dorval,2
Electronics Store,Dorval,1
Electronics Store,Kirkland,1
Electronics Store,LaSalle,1
Electronics Store,Pointe-Claire,2
Electronics Store,Saint-Leonard,1
Electronics Store,Villeray-Saint-Michel-Parc-Extension,1
English Restaurant,Outremont,1
Escape Room,Southwest,1
Escape Room,Westmount,1
Event Space,Southwest,1
Event Space,Westmount,1
Falafel Restaurant,Ahuntsic-Cartierville,1
Falafel Restaurant,LaSalle,1
Falafel Restaurant,Outremont,1
Falafel Restaurant,Pointe-Claire,1
Falafel Restaurant,Sainte-Anne-de-Bellevue,1
Farmers Market,Ahuntsic-Cartierville,2
Farmers Market,Cote-des-Neiges-Notre-Dame-de-Grace,1
Farmers Market,Lachine,1
Farmers Market,Mercier-Hochelaga-Maisonneuve,1
Farmers Market,Villeray-Saint-Michel-Parc-Extension,1
Fast Food Restaurant,Ahuntsic-Cartierville,2
Fast Food Restaurant,Anjou,3
Fast Food Restaurant,Baie-d'Urfe,1
Fast Food Restaurant,Beaconsfield,3
Fast Food Restaurant,Cote-des-Neiges-Notre-Dame-de-Grace,3
Fast Food Restaurant,Dorval,1
Fast Food Restaurant,Kirkland,4
Fast Food Restaurant,L'ile-Bizard-Sainte-Genevieve,1
Fast Food Restaurant,LaSalle,7
Fast Food Restaurant,Lachine,1
Fast Food Restaurant,Mercier-Hochelaga-Maisonneuve,4
Fast Food Restaurant,Montreal-Est,2
Fast Food Restaurant,Montreal-Nord,6
Fast Food Restaurant,Pierrefonds-Roxboro,3
Fast Food Restaurant,Pointe-Claire,4
Fast Food Restaurant,Rosemont-La Petite-Patrie,1
Fast Food Restaurant,Saint-Laurent,2
Fast Food Restaurant,Saint-Leonard,4
Fast Food Restaurant,Sainte-Anne-de-Bellevue,2
Fast Food Restaurant,Verdun,1
Fast Food Restaurant,Villeray-Saint-Michel-Parc-Extension,2
Fish & Chips Shop,Verdun,1
Fish Market,Ahuntsic-Cartierville,1
Fish Market,Rosemont-La Petite-Patrie,1
Fish Market,Verdun,1
Fish Market,Ville-Marie,1
Flea Market,Saint-Leonard,1
Flea Market,Villeray-Saint-Michel-Parc-Extension,1
Flower Shop,Pointe-Claire,1
Food,Anjou,1
Food & Drink Shop,Ahuntsic-Cartierville,1
Food & Drink Shop,Anjou,2
Food & Drink Shop,Cote-des-Neiges-Notre-Dame-de-Grace,3
Food & Drink Shop,Kirkland,1
Food & Drink Shop,L'ile-Bizard-Sainte-Genevieve,1
Food & Drink Shop,LaSalle,1
Food & Drink Shop,Montreal-Nord,1
Food & Drink Shop,Pointe-Claire,2
Food & Drink Shop,Saint-Laurent,1
Food & Drink Shop,Saint-Leonard,3
Food & Drink Shop,Verdun,1
Food & Drink Shop,Westmount,1
Food Truck,Mercier-Hochelaga-Maisonneuve,1
Food Truck,Montreal-Nord,1
French Restaurant,Cote-des-Neiges-Notre-Dame-de-Grace,1
French Restaurant,L'ile-Bizard-Sainte-Genevieve,1
French Restaurant,Mercier-Hochelaga-Maisonneuve,2
French Restaurant,Mont-Royal,4
French Restaurant,Outremont,1
French Restaurant,Rosemont-La Petite-Patrie,2
French Restaurant,Sainte-Anne-de-Bellevue,1
French Restaurant,Southwest,3
French Restaurant,Verdun,3
French Restaurant,Ville-Marie,3
French Restaurant,Villeray-Saint-Michel-Parc-Extension,2
French Restaurant,Westmount,5
Fried Chicken Joint,Montreal-Est,1
Fried Chicken Joint,Riviere-des-Prairies-Pointe-aux-Trembles,1
Fruit & Vegetable Store,Ahuntsic-Cartierville,1
Furniture / Home Store,Cote-des-Neiges-Notre-Dame-de-Grace,1
Furniture / Home Store,Kirkland,5
Furniture / Home Store,L'ile-Bizard-Sainte-Genevieve,1
Furniture / Home Store,LaSalle,1
Furniture / Home Store,Mercier-Hochelaga-Maisonneuve,1
Furniture / Home Store,Mont-Royal,1
Furniture / Home Store,Outremont,1
Furniture / Home Store,Pointe-Claire,1
Furniture / Home Store,Saint-Laurent,1
Furniture / Home Store,Southwest,1
Furniture / Home Store,Ville-Marie,1
Furniture / Home Store,Westmount,1
Garden,Cote-des-Neiges-Notre-Dame-de-Grace,1
Garden,Mercier-Hochelaga-Maisonneuve,5
Garden,Rosemont-La Petite-Patrie,4
Garden,Southwest,1
Garden,Westmount,1
Garden Center,Saint-Laurent,1
Gas Station,Ahuntsic-Cartierville,3
Gas Station,Anjou,3
Gas Station,Beaconsfield,3
Gas Station,Cote-des-Neiges-Notre-Dame-de-Grace,1
Gas Station,Dorval,1
Gas Station,Kirkland,2
Gas Station,LaSalle,2
Gas Station,Lachine,1
Gas Station,Montreal-Est,3
Gas Station,Montreal-Nord,5
Gas Station,Pierrefonds-Roxboro,2
Gas Station,Riviere-des-Prairies-Pointe-aux-Trembles,2
Gas Station,Saint-Laurent,2
Gas Station,Sainte-Anne-de-Bellevue,1
Gastropub,Anjou,1
Gastropub,Dorval,2
Gastropub,Kirkland,1
Gastropub,LaSalle,1
Gastropub,Mercier-Hochelaga-Maisonneuve,1
Gastropub,Montreal-Nord,1
Gastropub,Pointe-Claire,1
Gastropub,Rosemont-La Petite-Patrie,3
Gastropub,Southwest,1
Gastropub,Villeray-Saint-Michel-Parc-Extension,2
Gastropub,Westmount,2
German Restaurant,Lachine,1
Gift Shop,Sainte-Anne-de-Bellevue,1
Go Kart Track,Cote-des-Neiges-Notre-Dame-de-Grace,1
Go Kart Track,Mercier-Hochelaga-Maisonneuve,1
Golf Course,Anjou,1
Golf Course,Kirkland,1
Golf Course,L'ile-Bizard-Sainte-Genevieve,3
Golf Course,Pierrefonds-Roxboro,1
Golf Course,Riviere-des-Prairies-Pointe-aux-Trembles,1
Gourmet Shop,Mont-Royal,1
Gourmet Shop,Southwest,2
Gourmet Shop,Verdun,2
Gourmet Shop,Ville-Marie,1
Gourmet Shop,Westmount,1
Greek Restaurant,Ahuntsic-Cartierville,1
Greek Restaurant,Cote-des-Neiges-Notre-Dame-de-Grace,1
Greek Restaurant,Outremont,2
Greek Restaurant,Pierrefonds-Roxboro,1
Greek Restaurant,Pointe-Claire,2
Greek Restaurant,Westmount,1
Grocery Store,Ahuntsic-Cartierville,3
Grocery Store,Anjou,3
Grocery Store,Baie-d'Urfe,1
Grocery Store,Beaconsfield,1
Grocery Store,Cote Saint-Luc,1
Grocery Store,Cote-des-Neiges-Notre-Dame-de-Grace,2
Grocery Store,Kirkland,3
Grocery Store,L'ile-Bizard-Sainte-Genevieve,3
Grocery Store,LaSalle,3
Grocery Store,Lachine,2
Grocery Store,Mercier-Hochelaga-Maisonneuve,3
Grocery Store,Mont-Royal,1
Grocery Store,Montreal-Est,2
Grocery Store,Montreal-Nord,3
Grocery Store,Outremont,1
Grocery Store,Pierrefonds-Roxboro,4
Grocery Store,Pointe-Claire,2
Grocery Store,Riviere-des-Prairies-Pointe-aux-Trembles,2
Grocery Store,Rosemont-La Petite-Patrie,1
Grocery Store,Saint-Leonard,5
Grocery Store,Sainte-Anne-de-Bellevue,1
Grocery Store,Southwest,2
Grocery Store,Verdun,3
Grocery Store,Ville-Marie,1
Grocery Store,Villeray-Saint-Michel-Parc-Extension,4
Grocery Store,Westmount,1
Gym,Ahuntsic-Cartierville,1
Gym,Anjou,1
Gym,Beaconsfield,1
Gym,Cote Saint-Luc,2
Gym,Cote-des-Neiges-Notre-Dame-de-Grace,5
Gym,Kirkland,1
Gym,LaSalle,2
Gym,Outremont,1
Gym,Pierrefonds-Roxboro,2
Gym,Pointe-Claire,5
Gym,Rosemont-La Petite-Patrie,3
Gym,Saint-Laurent,1
Gym,Saint-Leonard,1
Gym,Southwest,1
Gym,Villeray-Saint-Michel-Parc-Extension,1
Gym / Fitness Center,Ahuntsic-Cartierville,1
Gym / Fitness Center,Beaconsfield,2
Gym / Fitness Center,Cote-des-Neiges-Notre-Dame-de-Grace,1
Gym / Fitness Center,Kirkland,3
Gym / Fitness Center,LaSalle,1
Gym / Fitness Center,Mercier-Hochelaga-Maisonneuve,3
Gym / Fitness Center,Mont-Royal,1
Gym / Fitness Center,Rosemont-La Petite-Patrie,1
Gym / Fitness Center,Saint-Leonard,1
Gym / Fitness Center,Verdun,1
Gym / Fitness Center,Westmount,1
Gym Pool,Pierrefonds-Roxboro,1
Harbor / Marina,Beaconsfield,1
Harbor / Marina,LaSalle,1
Harbor / Marina,Ville-Marie,1
Hardware Store,Ahuntsic-Cartierville,1
Hardware Store,Anjou,1
Hardware Store,LaSalle,3
Hardware Store,Lachine,1
Hardware Store,Mercier-Hochelaga-Maisonneuve,2
Hardware Store,Montreal-Est,1
Hardware Store,Montreal-Nord,1
Hardware Store,Riviere-des-Prairies-Pointe-aux-Trembles,1
Hardware Store,Saint-Leonard,1
Hawaiian Restaurant,Southwest,1
Hawaiian Restaurant,Verdun,1
Hawaiian Restaurant,Westmount,1
Health & Beauty Service,Rosemont-La Petite-Patrie,1
Health & Beauty Service,Villeray-Saint-Michel-Parc-Extension,1
Health Food Store,Anjou,1
Health Food Store,Pointe-Claire,1
Historic Site,LaSalle,1
Historic Site,Lachine,1
Historic Site,Mont-Royal,1
Historic Site,Outremont,1
Historic Site,Sainte-Anne-de-Bellevue,1
Historic Site,Ville-Marie,2
Historic Site,Westmount,1
History Museum,Ville-Marie,1
Hockey Arena,Ahuntsic-Cartierville,1
Hockey Arena,Anjou,1
Hockey Arena,Beaconsfield,1
Hockey Arena,Cote Saint-Luc,1
Hockey Arena,L'ile-Bizard-Sainte-Genevieve,1
Hockey Arena,Mont-Royal,1
Hockey Arena,Montreal-Nord,1
Hockey Arena,Westmount,1
Hospital,Riviere-des-Prairies-Pointe-aux-Trembles,1
Hostel,Ville-Marie,1
Hotel,Baie-d'Urfe,1
Hotel,Cote Saint-Luc,1
Hotel,Dorval,6
Hotel,Mont-Royal,2
Hotel,Saint-Laurent,2
Hotel,Ville-Marie,3
Hotel,Westmount,2
Hotel Bar,Dorval,1
Ice Cream Shop,Ahuntsic-Cartierville,1
Ice Cream Shop,Cote Saint-Luc,1
Ice Cream Shop,Cote-des-Neiges-Notre-Dame-de-Grace,2
Ice Cream Shop,Dorval,1
Ice Cream Shop,Kirkland,2
Ice Cream Shop,LaSalle,1
Ice Cream Shop,Lachine,2
Ice Cream Shop,Mercier-Hochelaga-Maisonneuve,2
Ice Cream Shop,Mont-Royal,1
Ice Cream Shop,Montreal-Nord,2
Ice Cream Shop,Outremont,2
Ice Cream Shop,Pierrefonds-Roxboro,2
Ice Cream Shop,Rosemont-La Petite-Patrie,2
Ice Cream Shop,Saint-Leonard,2
Ice Cream Shop,Sainte-Anne-de-Bellevue,1
Ice Cream Shop,Southwest,1
Ice Cream Shop,Verdun,2
Ice Cream Shop,Villeray-Saint-Michel-Parc-Extension,1
Ice Cream Shop,Westmount,3
Indian Restaurant,Ahuntsic-Cartierville,1
Indian Restaurant,Cote Saint-Luc,1
Indian Restaurant,Cote-des-Neiges-Notre-Dame-de-Grace,5
Indian Restaurant,LaSalle,1
Indian Restaurant,Montreal-Est,1
Indian Restaurant,Outremont,1
Indian Restaurant,Pierrefonds-Roxboro,4
Indian Restaurant,Pointe-Claire,1
Indian Restaurant,Sainte-Anne-de-Bellevue,1
Indian Restaurant,Southwest,1
Indian Restaurant,Verdun,2
Indie Movie Theater,Mont-Royal,1
Indie Movie Theater,Rosemont-La Petite-Patrie,1
Indie Movie Theater,Villeray-Saint-Michel-Parc-Extension,1
Indonesian Restaurant,Outremont,1
Intersection,Cote Saint-Luc,1
Irish Pub,Mercier-Hochelaga-Maisonneuve,1
Island,L'ile-Bizard-Sainte-Genevieve,1
Island,Pierrefonds-Roxboro,1
Italian Restaurant,Ahuntsic-Cartierville,1
Italian Restaurant,Anjou,3
Italian Restaurant,Baie-d'Urfe,1
Italian Restaurant,Beaconsfield,5
Italian Restaurant,Cote-des-Neiges-Notre-Dame-de-Grace,1
Italian Restaurant,Dorval,4
Italian Restaurant,Kirkland,6
Italian Restaurant,LaSalle,3
Italian Restaurant,Lachine,4
Italian Restaurant,Montreal-Est,1
Italian Restaurant,Montreal-Nord,3
Italian Restaurant,Outremont,2
Italian Restaurant,Pierrefonds-Roxboro,2
Italian Restaurant,Pointe-Claire,6
Italian Restaurant,Riviere-des-Prairies-Pointe-aux-Trembles,2
Italian Restaurant,Rosemont-La Petite-Patrie,4
Italian Restaurant,Saint-Leonard,3
Italian Restaurant,Sainte-Anne-de-Bellevue,2
Italian Restaurant,Verdun,1
Italian Restaurant,Ville-Marie,1
Italian Restaurant,Villeray-Saint-Michel-Parc-Extension,2
Japanese Restaurant,Mont-Royal,3
Japanese Restaurant,Outremont,1
Japanese Restaurant,Pierrefonds-Roxboro,1
Japanese Restaurant,Southwest,1
Japanese Restaurant,Westmount,1
Jewish Restaurant,Southwest,1
Jewish Restaurant,Verdun,1
Jewish Restaurant,Westmount,1
Karaoke Bar,Villeray-Saint-Michel-Parc-Extension,1
Kitchen Supply Store,Ahuntsic-Cartierville,1
Kitchen Supply Store,Pointe-Claire,1
Korean Restaurant,Cote-des-Neiges-Notre-Dame-de-Grace,2
Korean Restaurant,Southwest,1
Korean Restaurant,Verdun,1
Korean Restaurant,Westmount,1
Lebanese Restaurant,Mont-Royal,1
Lebanese Restaurant,Westmount,1
Lighthouse,Lachine,1
Liquor Store,Ahuntsic-Cartierville,4
Liquor Store,Anjou,4
Liquor Store,Baie-d'Urfe,1
Liquor Store,Beaconsfield,2
Liquor Store,Cote-des-Neiges-Notre-Dame-de-Grace,2
Liquor Store,Dorval,1
Liquor Store,Kirkland,5
Liquor Store,LaSalle,3
Liquor Store,Lachine,1
Liquor Store,Mercier-Hochelaga-Maisonneuve,4
Liquor Store,Montreal-Est,1
Liquor Store,Montreal-Nord,2
Liquor Store,Pierrefonds-Roxboro,1
Liquor Store,Pointe-Claire,2
Liquor Store,Riviere-des-Prairies-Pointe-aux-Trembles,1
Liquor Store,Rosemont-La Petite-Patrie,4
Liquor Store,Saint-Leonard,5
Liquor Store,Sainte-Anne-de-Bellevue,2
Liquor Store,Southwest,2
Liquor Store,Verdun,1
Liquor Store,Villeray-Saint-Michel-Parc-Extension,3
Liquor Store,Westmount,2
Lounge,Ahuntsic-Cartierville,1
Lounge,Dorval,2
Lounge,Mont-Royal,1
Lounge,Outremont,1
Lounge,Rosemont-La Petite-Patrie,1
Lounge,Southwest,2
Lounge,Verdun,2
Lounge,Westmount,1
Malay Restaurant,Southwest,1
Malay Restaurant,Verdun,1
Malay Restaurant,Westmount,1
Market,Cote-des-Neiges-Notre-Dame-de-Grace,1
Market,Pierrefonds-Roxboro,1
Market,Southwest,1
Market,Verdun,1
Market,Westmount,1
Martial Arts School,Pierrefonds-Roxboro,1
Martial Arts School,Villeray-Saint-Michel-Parc-Extension,1
Massage Studio,Cote-des-Neiges-Notre-Dame-de-Grace,1
Massage Studio,Southwest,1
Massage Studio,Westmount,1
Mediterranean Restaurant,Mont-Royal,1
Mediterranean Restaurant,Outremont,2
Mediterranean Restaurant,Southwest,1
Mediterranean Restaurant,Verdun,2
Men's Store,Outremont,2
Metro Station,Villeray-Saint-Michel-Parc-Extension,1
Mexican Restaurant,Cote-des-Neiges-Notre-Dame-de-Grace,1
Mexican Restaurant,Lachine,1
Mexican Restaurant,Mont-Royal,1
Mexican Restaurant,Outremont,2
Mexican Restaurant,Southwest,1
Mexican Restaurant,Verdun,1
Mexican Restaurant,Westmount,2
Middle Eastern Restaurant,Ahuntsic-Cartierville,1
Middle Eastern Restaurant,Kirkland,1
Middle Eastern Restaurant,LaSalle,1
Middle Eastern Restaurant,Mont-Royal,1
Middle Eastern Restaurant,Outremont,1
Middle Eastern Restaurant,Pierrefonds-Roxboro,2
Middle Eastern Restaurant,Pointe-Claire,1
Middle Eastern Restaurant,Verdun,1
Modern European Restaurant,Rosemont-La Petite-Patrie,1
Mountain,Mont-Royal,1
Mountain,Outremont,1
Mountain,Westmount,1
Movie Theater,Beaconsfield,1
Movie Theater,Kirkland,1
Movie Theater,LaSalle,1
Movie Theater,Mercier-Hochelaga-Maisonneuve,1
Movie Theater,Mont-Royal,1
Movie Theater,Montreal-Nord,1
Movie Theater,Saint-Leonard,1
Movie Theater,Ville-Marie,2
Moving Target,Baie-d'Urfe,1
Multiplex,LaSalle,1
Museum,Mercier-Hochelaga-Maisonneuve,1
Museum,Mont-Royal,1
Museum,Verdun,1
Museum,Westmount,1
Music Venue,Mont-Royal,2
Music Venue,Ville-Marie,2
New American Restaurant,Ahuntsic-Cartierville,1
New American Restaurant,Ville-Marie,1
Nightclub,Ville-Marie,1
Office,Southwest,1
Office,Verdun,1
Office,Westmount,1
Outdoor Sculpture,Lachine,1
Outdoor Supply Store,Ahuntsic-Cartierville,1
Paper / Office Supplies Store,Ahuntsic-Cartierville,1
Paper / Office Supplies Store,Anjou,1
Paper / Office Supplies Store,Beaconsfield,1
Paper / Office Supplies Store,Kirkland,1
Paper / Office Supplies Store,LaSalle,1
Paper / Office Supplies Store,Mercier-Hochelaga-Maisonneuve,1
Paper / Office Supplies Store,Mont-Royal,1
Paper / Office Supplies Store,Montreal-Nord,1
Paper / Office Supplies Store,Saint-Leonard,1
Paper / Office Supplies Store,Ville-Marie,1
Park,Ahuntsic-Cartierville,3
Park,Anjou,1
Park,Beaconsfield,1
Park,Cote Saint-Luc,1
Park,Cote-des-Neiges-Notre-Dame-de-Grace,6
Park,Dorval,1
Park,Kirkland,1
Park,L'ile-Bizard-Sainte-Genevieve,3
Park,LaSalle,2
Park,Lachine,4
Park,Mercier-Hochelaga-Maisonneuve,3
Park,Mont-Royal,7
Park,Montreal-Nord,2
Park,Outremont,5
Park,Pierrefonds-Roxboro,1
Park,Pointe-Claire,2
Park,Riviere-des-Prairies-Pointe-aux-Trembles,1
Park,Rosemont-La Petite-Patrie,7
Park,Saint-Laurent,4
Park,Saint-Leonard,1
Park,Southwest,5
Park,Verdun,5
Park,Ville-Marie,2
Park,Villeray-Saint-Michel-Parc-Extension,4
Park,Westmount,7
Pastry Shop,Outremont,1
Pastry Shop,Rosemont-La Petite-Patrie,1
Performing Arts Venue,Mercier-Hochelaga-Maisonneuve,1
Performing Arts Venue,Mont-Royal,1
Performing Arts Venue,Ville-Marie,1
Peruvian Restaurant,Rosemont-La Petite-Patrie,1
Peruvian Restaurant,Villeray-Saint-Michel-Parc-Extension,1
Pet Store,Ahuntsic-Cartierville,1
Pet Store,Anjou,1
Pet Store,Cote-des-Neiges-Notre-Dame-de-Grace,1
Pet Store,LaSalle,1
Pet Store,Mercier-Hochelaga-Maisonneuve,1
Pet Store,Pointe-Claire,1
Pet Store,Rosemont-La Petite-Patrie,1
Pet Store,Saint-Leonard,1
Pharmacy,Ahuntsic-Cartierville,5
Pharmacy,Anjou,5
Pharmacy,Baie-d'Urfe,1
Pharmacy,Beaconsfield,3
Pharmacy,Cote Saint-Luc,1
Pharmacy,Cote-des-Neiges-Notre-Dame-de-Grace,1
Pharmacy,Dorval,2
Pharmacy,Kirkland,3
Pharmacy,L'ile-Bizard-Sainte-Genevieve,2
Pharmacy,LaSalle,3
Pharmacy,Lachine,5
Pharmacy,Mercier-Hochelaga-Maisonneuve,4
Pharmacy,Montreal-Est,4
Pharmacy,Montreal-Nord,9
Pharmacy,Pierrefonds-Roxboro,5
Pharmacy,Pointe-Claire,2
Pharmacy,Riviere-des-Prairies-Pointe-aux-Trembles,2
Pharmacy,Saint-Leonard,8
Pharmacy,Sainte-Anne-de-Bellevue,2
Pharmacy,Verdun,2
Pie Shop,Beaconsfield,1
Pie Shop,Kirkland,1
Pie Shop,Pointe-Claire,1
Pizza Place,Ahuntsic-Cartierville,1
Pizza Place,Anjou,3
Pizza Place,Beaconsfield,1
Pizza Place,Cote-des-Neiges-Notre-Dame-de-Grace,2
Pizza Place,Kirkland,3
Pizza Place,L'ile-Bizard-Sainte-Genevieve,1
Pizza Place,LaSalle,6
Pizza Place,Lachine,1
Pizza Place,Mercier-Hochelaga-Maisonneuve,3
Pizza Place,Mont-Royal,1
Pizza Place,Montreal-Nord,1
Pizza Place,Outremont,3
Pizza Place,Pierrefonds-Roxboro,1
Pizza Place,Pointe-Claire,2
Pizza Place,Rosemont-La Petite-Patrie,3
Pizza Place,Saint-Laurent,2
Pizza Place,Sainte-Anne-de-Bellevue,1
Pizza Place,Southwest,3
Pizza Place,Verdun,4
Pizza Place,Ville-Marie,1
Pizza Place,Villeray-Saint-Michel-Parc-Extension,3
Pizza Place,Westmount,2
Planetarium,Mercier-Hochelaga-Maisonneuve,1
Platform,Pierrefonds-Roxboro,1
Playground,Verdun,2
Plaza,Mercier-Hochelaga-Maisonneuve,1
Plaza,Mont-Royal,1
Plaza,Montreal-Est,1
Plaza,Ville-Marie,4
Polish Restaurant,Ville-Marie,1
Pool,Cote Saint-Luc,1
Pool,LaSalle,1
Pool,Pointe-Claire,1
Pool,Verdun,1
Pool Hall,Pierrefonds-Roxboro,1
Portuguese Restaurant,Ahuntsic-Cartierville,1
Portuguese Restaurant,Cote-des-Neiges-Notre-Dame-de-Grace,1
Portuguese Restaurant,Lachine,1
Portuguese Restaurant,Mont-Royal,2
Portuguese Restaurant,Montreal-Nord,1
Portuguese Restaurant,Pierrefonds-Roxboro,1
Portuguese Restaurant,Rosemont-La Petite-Patrie,2
Portuguese Restaurant,Saint-Leonard,2
Portuguese Restaurant,Ville-Marie,1
Portuguese Restaurant,Villeray-Saint-Michel-Parc-Extension,3
Poutine Place,Mercier-Hochelaga-Maisonneuve,1
Poutine Place,Rosemont-La Petite-Patrie,1
Print Shop,Cote Saint-Luc,1
Pub,Baie-d'Urfe,2
Pub,Beaconsfield,2
Pub,Cote-des-Neiges-Notre-Dame-de-Grace,1
Pub,Lachine,1
Pub,Mont-Royal,1
Pub,Pointe-Claire,2
Pub,Rosemont-La Petite-Patrie,1
Pub,Southwest,2
Pub,Verdun,1
Pub,Ville-Marie,2
Pub,Westmount,2
Rafting,LaSalle,1
Real Estate Office,Montreal-Nord,1
Record Shop,Anjou,1
Record Shop,Rosemont-La Petite-Patrie,1
Record Shop,Saint-Leonard,1
Recreation Center,Anjou,1
Recreation Center,Montreal-Nord,1
Recreation Center,Rosemont-La Petite-Patrie,1
Recreation Center,Ville-Marie,1
Rental Car Location,Dorval,2
Rental Car Location,Montreal-Nord,1
Rental Service,Kirkland,1
Residential Building (Apartment / Condo),Cote-des-Neiges-Notre-Dame-de-Grace,1
Restaurant,Ahuntsic-Cartierville,2
Restaurant,Anjou,3
Restaurant,Beaconsfield,3
Restaurant,Cote Saint-Luc,1
Restaurant,Cote-des-Neiges-Notre-Dame-de-Grace,3
Restaurant,Dorval,1
Restaurant,Kirkland,4
Restaurant,L'ile-Bizard-Sainte-Genevieve,3
Restaurant,LaSalle,1
Restaurant,Lachine,2
Restaurant,Mercier-Hochelaga-Maisonneuve,9
Restaurant,Mont-Royal,4
Restaurant,Montreal-Est,3
Restaurant,Montreal-Nord,3
Restaurant,Outremont,4
Restaurant,Pierrefonds-Roxboro,1
Restaurant,Pointe-Claire,5
Restaurant,Riviere-des-Prairies-Pointe-aux-Trembles,4
Restaurant,Rosemont-La Petite-Patrie,1
Restaurant,Saint-Laurent,1
Restaurant,Saint-Leonard,5
Restaurant,Sainte-Anne-de-Bellevue,1
Restaurant,Southwest,5
Restaurant,Verdun,6
Restaurant,Ville-Marie,6
Restaurant,Villeray-Saint-Michel-Parc-Extension,3
Restaurant,Westmount,3
Russian Restaurant,Cote-des-Neiges-Notre-Dame-de-Grace,1
Russian Restaurant,Westmount,1
Salad Place,Cote-des-Neiges-Notre-Dame-de-Grace,1
Salad Place,Mont-Royal,1
Salad Place,Outremont,1
Salad Place,Southwest,1
Salad Place,Ville-Marie,1
Salad Place,Westmount,1
Salon / Barbershop,Mont-Royal,1
Salon / Barbershop,Outremont,1
Sandwich Place,Ahuntsic-Cartierville,2
Sandwich Place,Anjou,2
Sandwich Place,Baie-d'Urfe,1
Sandwich Place,Beaconsfield,3
Sandwich Place,Cote Saint-Luc,2
Sandwich Place,Dorval,2
Sandwich Place,Kirkland,4
Sandwich Place,L'ile-Bizard-Sainte-Genevieve,1
Sandwich Place,LaSalle,3
Sandwich Place,Lachine,1
Sandwich Place,Mercier-Hochelaga-Maisonneuve,4
Sandwich Place,Mont-Royal,1
Sandwich Place,Montreal-Est,2
Sandwich Place,Montreal-Nord,2
Sandwich Place,Outremont,1
Sandwich Place,Pierrefonds-Roxboro,1
Sandwich Place,Pointe-Claire,3
Sandwich Place,Rosemont-La Petite-Patrie,1
Sandwich Place,Saint-Leonard,2
Sandwich Place,Sainte-Anne-de-Bellevue,4
Sandwich Place,Southwest,1
Sandwich Place,Verdun,1
Sandwich Place,Ville-Marie,2
Sandwich Place,Westmount,1
Sausage Shop,Verdun,1
Scenic Lookout,Cote-des-Neiges-Notre-Dame-de-Grace,1
Scenic Lookout,Dorval,1
Scenic Lookout,Mercier-Hochelaga-Maisonneuve,1
Scenic Lookout,Mont-Royal,2
Scenic Lookout,Outremont,2
Scenic Lookout,Saint-Laurent,1
Scenic Lookout,Ville-Marie,1
Scenic Lookout,Westmount,1
Seafood Restaurant,Baie-d'Urfe,1
Seafood Restaurant,Beaconsfield,1
Seafood Restaurant,Cote-des-Neiges-Notre-Dame-de-Grace,2
Seafood Restaurant,Kirkland,1
Seafood Restaurant,Mont-Royal,1
Seafood Restaurant,Outremont,2
Seafood Restaurant,Pierrefonds-Roxboro,1
Seafood Restaurant,Saint-Leonard,1
Seafood Restaurant,Sainte-Anne-de-Bellevue,1
Shipping Store,Cote Saint-Luc,1
Shipping Store,Lachine,1
Shipping Store,Montreal-Est,1
Shoe Store,Mercier-Hochelaga-Maisonneuve,1
Shoe Store,Saint-Laurent,1
Shopping Mall,Ahuntsic-Cartierville,2
Shopping Mall,Anjou,1
Shopping Mall,Cote Saint-Luc,1
Shopping Mall,Kirkland,1
Shopping Mall,LaSalle,1
Shopping Mall,Mercier-Hochelaga-Maisonneuve,1
Shopping Mall,Montreal-Est,1
Shopping Mall,Pointe-Claire,2
Shopping Mall,Riviere-des-Prairies-Pointe-aux-Trembles,1
Shopping Mall,Saint-Leonard,2
Shopping Mall,Villeray-Saint-Michel-Parc-Extension,1
Shopping Plaza,Rosemont-La Petite-Patrie,1
Shopping Plaza,Verdun,1
Shopping Plaza,Villeray-Saint-Michel-Parc-Extension,1
Skate Park,Villeray-Saint-Michel-Parc-Extension,1
Skating Rink,Beaconsfield,1
Skating Rink,Kirkland,2
Skating Rink,L'ile-Bizard-Sainte-Genevieve,1
Skating Rink,Mercier-Hochelaga-Maisonneuve,1
Skating Rink,Pierrefonds-Roxboro,2
Skating Rink,Pointe-Claire,1
Skating Rink,Ville-Marie,1
Soccer Field,Beaconsfield,1
Soccer Field,Dorval,1
Soccer Field,Kirkland,2
Soccer Field,Lachine,1
Soccer Stadium,Ahuntsic-Cartierville,1
Soccer Stadium,Cote Saint-Luc,1
Soccer Stadium,LaSalle,1
Soccer Stadium,Lachine,1
Soccer Stadium,Mercier-Hochelaga-Maisonneuve,1
Soccer Stadium,Villeray-Saint-Michel-Parc-Extension,1
South American Restaurant,Mont-Royal,2
South American Restaurant,Montreal-Nord,1
South American Restaurant,Outremont,1
Spa,Cote-des-Neiges-Notre-Dame-de-Grace,1
Spa,Dorval,1
Spa,Kirkland,1
Spa,Mont-Royal,1
Spa,Outremont,1
Spa,Pointe-Claire,1
Spa,Southwest,1
Spa,Verdun,1
Spa,Ville-Marie,3
Spanish Restaurant,Villeray-Saint-Michel-Parc-Extension,1
Speakeasy,Southwest,1
Speakeasy,Ville-Marie,1
Speakeasy,Westmount,1
Sporting Goods Shop,Anjou,1
Sporting Goods Shop,Baie-d'Urfe,1
Sporting Goods Shop,Beaconsfield,1
Sporting Goods Shop,Cote-des-Neiges-Notre-Dame-de-Grace,1
Sporting Goods Shop,Kirkland,2
Sporting Goods Shop,LaSalle,1
Sporting Goods Shop,Pointe-Claire,1
Sporting Goods Shop,Saint-Leonard,1
Sporting Goods Shop,Southwest,1
Sports Bar,Anjou,1
Sports Bar,LaSalle,1
Sports Bar,Montreal-Nord,1
Sports Bar,Saint-Leonard,1
Stadium,Mercier-Hochelaga-Maisonneuve,1
Stadium,Pointe-Claire,1
Steakhouse,Cote-des-Neiges-Notre-Dame-de-Grace,1
Steakhouse,Sainte-Anne-de-Bellevue,1
Steakhouse,Southwest,1
Steakhouse,Ville-Marie,2
Supermarket,Ahuntsic-Cartierville,1
Supermarket,Anjou,3
Supermarket,Beaconsfield,1
Supermarket,Dorval,1
Supermarket,Kirkland,2
Supermarket,LaSalle,4
Supermarket,Mercier-Hochelaga-Maisonneuve,3
Supermarket,Mont-Royal,2
Supermarket,Montreal-Est,2
Supermarket,Montreal-Nord,4
Supermarket,Outremont,2
Supermarket,Riviere-des-Prairies-Pointe-aux-Trembles,1
Supermarket,Saint-Leonard,5
Supermarket,Sainte-Anne-de-Bellevue,1
Supermarket,Southwest,1
Supermarket,Villeray-Saint-Michel-Parc-Extension,2
Supermarket,Westmount,1
Surf Spot,Ville-Marie,1
Sushi Restaurant,Ahuntsic-Cartierville,1
Sushi Restaurant,Anjou,1
Sushi Restaurant,Beaconsfield,1
Sushi Restaurant,Cote-des-Neiges-Notre-Dame-de-Grace,2
Sushi Restaurant,Kirkland,2
Sushi Restaurant,Mercier-Hochelaga-Maisonneuve,2
Sushi Restaurant,Mont-Royal,1
Sushi Restaurant,Montreal-Est,1
Sushi Restaurant,Pierrefonds-Roxboro,2
Sushi Restaurant,Pointe-Claire,4
Sushi Restaurant,Riviere-des-Prairies-Pointe-aux-Trembles,1
Sushi Restaurant,Rosemont-La Petite-Patrie,3
Sushi Restaurant,Saint-Leonard,2
Sushi Restaurant,Sainte-Anne-de-Bellevue,1
Sushi Restaurant,Southwest,2
Sushi Restaurant,Verdun,1
Sushi Restaurant,Westmount,2
Szechuan Restaurant,Cote-des-Neiges-Notre-Dame-de-Grace,1
Taco Place,Ville-Marie,1
Taco Place,Villeray-Saint-Michel-Parc-Extension,1
Tapas Restaurant,Villeray-Saint-Michel-Parc-Extension,1
Tea Room,Anjou,1
Tea Room,Kirkland,1
Tea Room,Outremont,1
Tea Room,Pointe-Claire,1
Tea Room,Southwest,1
Tea Room,Verdun,1
Tea Room,Ville-Marie,2
Tennis Court,Verdun,1
Tex-Mex Restaurant,Mercier-Hochelaga-Maisonneuve,1
Thai Restaurant,Cote-des-Neiges-Notre-Dame-de-Grace,1
Thai Restaurant,Dorval,1
Thai Restaurant,Mercier-Hochelaga-Maisonneuve,2
Thai Restaurant,Montreal-Est,1
Thai Restaurant,Outremont,1
Thai Restaurant,Pierrefonds-Roxboro,1
Thai Restaurant,Riviere-des-Prairies-Pointe-aux-Trembles,1
Thai Restaurant,Rosemont-La Petite-Patrie,1
Thai Restaurant,Saint-Leonard,1
Thai Restaurant,Southwest,1
Thai Restaurant,Ville-Marie,1
Thai Restaurant,Villeray-Saint-Michel-Parc-Extension,1
Theater,Rosemont-La Petite-Patrie,2
Theater,Southwest,1
Theater,Villeray-Saint-Michel-Parc-Extension,1
Theme Park Ride / Attraction,Ville-Marie,1
Thrift / Vintage Store,LaSalle,1
Toy / Game Store,Kirkland,1
Toy / Game Store,Mont-Royal,1
Toy / Game Store,Pointe-Claire,2
Trail,Verdun,1
Train Station,Baie-d'Urfe,2
Train Station,Dorval,2
Train Station,LaSalle,2
Train Station,Lachine,1
Train Station,Pierrefonds-Roxboro,2
Train Station,Saint-Laurent,1
Transportation Service,Dorval,1
Tunnel,Cote Saint-Luc,1
Tunnel,LaSalle,1
Vegetarian / Vegan Restaurant,Cote-des-Neiges-Notre-Dame-de-Grace,1
Vegetarian / Vegan Restaurant,Kirkland,1
Vegetarian / Vegan Restaurant,Mont-Royal,1
Vegetarian / Vegan Restaurant,Outremont,3
Vegetarian / Vegan Restaurant,Pointe-Claire,1
Video Store,Montreal-Est,1
Vietnamese Restaurant,Ahuntsic-Cartierville,2
Vietnamese Restaurant,Cote-des-Neiges-Notre-Dame-de-Grace,3
Vietnamese Restaurant,Kirkland,1
Vietnamese Restaurant,Mercier-Hochelaga-Maisonneuve,1
Vietnamese Restaurant,Montreal-Nord,1
Vietnamese Restaurant,Outremont,1
Vietnamese Restaurant,Rosemont-La Petite-Patrie,1
Vietnamese Restaurant,Saint-Leonard,2
Vietnamese Restaurant,Verdun,1
Vietnamese Restaurant,Villeray-Saint-Michel-Parc-Extension,3
Warehouse Store,Anjou,1
Warehouse Store,Pointe-Claire,1
Warehouse Store,Saint-Leonard,1
Wine Bar,Ahuntsic-Cartierville,1
Wine Bar,Mont-Royal,1
Wine Bar,Outremont,1
Wine Bar,Southwest,1
Wine Bar,Ville-Marie,1
Wine Bar,Westmount,1
Women's Store,Mercier-Hochelaga-Maisonneuve,1
Yoga Studio,Anjou,1
Yoga Studio,Cote-des-Neiges-Notre-Dame-de-Grace,1
Yoga Studio,Mont-Royal,1
Yoga Studio,Outremont,1
Yoga Studio,Pierrefonds-Roxboro,1
Yoga Studio,Pointe-Claire,2
Yoga Studio,Saint-Leonard,1
Yoga Studio,Southwest,2
Yoga Studio,Westmount,1
Zoo,Baie-d'Urfe,1
Zoo,Mercier-Hochelaga-Maisonneuve,1
Zoo,Sainte-Anne-de-Bellevue,1
